
{"like1":
{
"bboxes":
            [
                [
                    0.409375,
                    0.22083333333333333,
                    0.1,
                    0.2
                ]
            ],
            "labels":
            [
                "like"
            ]
},
"like2":
{
"bboxes": 
            [
                [
                    0.346875,
                    0.2375,
                    0.20625,
                    0.425
                ]
            ],
            "labels": 
            [
                "like"
            ]
},
"like3":
{
"bboxes":
            [
                [
                    0.409375,
                    0.4,
                    0.084375,
                    0.15416666666666667
                ]
            ],
            "labels":
            [
                "like"
            ]
},
"dislike1":
{
"bboxes":
            [
                [
                    0.4,
                    0.20833333333333334,
                    0.075,
                    0.125
                ]
            ],
            "labels":
            [
                "dislike"
            ]
}
,
"dislike2":
{
"bboxes":
            [
                [
                    0.496875,
                    0.05416666666666667,
                    0.125,
                    0.2625
                ]
            ],
            "labels":
            [
                "dislike"
            ]
}
,"dislike3":
{
"bboxes":
            [
                [
                    0.45625,
                    0.44166666666666665,
                    0.03125,
                    0.07916666666666666
                ]
            ],
            "labels":
            [
                "dislike"
            ]
}
,"stop1":
{
"bboxes":
            [
                [
                    0.43125,
                    0.04583333333333333,
                    0.11875,
                    0.2916666666666667
                ]
            ],
            "labels":
            [
                "stop"
            ]
}
,"stop2":
{
"bboxes":
            [
                [
                    0.425,
                    0.26666666666666666,
                    0.06875,
                    0.16666666666666666
                ]
            ],
            "labels":
            [
                "stop"
            ]
}
,
"stop3":
{
"bboxes":
            [
                [
                    0.45625,
                    0.19583333333333333,
                    0.084375,
                    0.19583333333333333
                ]
            ],
            "labels":
            [
                "stop"
            ]
}
,
"rock1":
{
"bboxes":
            [
                [
                    0.375,
                    0.3541666666666667,
                    0.065625,
                    0.15
                ]
            ],
            "labels":
            [
                "rock"
            ]
}
,"rock2":
{
"bboxes":
            [
                [
                    0.446875,
                    0.6458333333333334,
                    0.065625,
                    0.0875
                ]
            ],
            "labels":
            [
                "rock"
            ]
}
,"rock3":
{
"bboxes":
            [
                [
                    0.375,
                    0.37083333333333335,
                    0.08125,
                    0.13333333333333333
                ]
            ],
            "labels":
            [
                "rock"
            ]
},
"peace1":
{
"bboxes":
            [
                [
                    0.425,
                    0.3333333333333333,
                    0.1,
                    0.23333333333333334
                ]
            ],
            "labels":
            [
                "peace"
            ]
}
,"peace2":
{
"bboxes":
            [
                [
                    0.328125,
                    0.4125,
                    0.053125,
                    0.12916666666666668
                ]
            ],
            "labels":
            [
                "peace"
            ]
},
"peace3":
{
"bboxes":
            [
                [
                    0.4875,
                    0.4166666666666667,
                    0.090625,
                    0.17916666666666667
                ]
            ],
            "labels":
            [
                "peace"
            ]
}
}